Stock,Mentions
AMC,289
GME,147
EAR,143
INT,130
PRO,130
AME,123
ARD,122
LEA,118
GAIN,117
THO,117
SOL,111
LIN,108
IONS,106
PRI,106
WOR,104
DOW,103
ESS,99
ATI,98
EXP,95
IDE,93
TAK,93
PEN,91
OSS,90
BLE,89
MAR,86
BAC,84
MEN,84
OPT,84
RETA,82
RICE,82
RIG,80
SHI,78
GOOD,77
FRO,73
REAL,72
ESE,71
STE,71
ITI,70
NEE,70
VERY,70
MIN,69
SAM,68
EDI,67
TTI,67
ROL,66
HES,63
NLY,63
UAL,63
ELY,62
PROF,62
NEX,61
NEXT,61
ROLL,61
TRI,60
BRO,59
TAL,59
SON,58
TEN,58
TEL,56
NEV,55
ASH,54
EAT,54
HAPP,52
PEO,51
CAS,50
EME,50
RAD,50
CHE,49
HIG,49
ITT,49
MARK,49
AFT,48
NTR,47
FORE,46
MUC,46
PLAY,46
POST,46
ADI,45
FUL,45
INVE,45
MOS,45
FREE,44
IDN,43
MOV,43
NAN,43
SID,43
ENS,42
FUN,42
PAR,42
JACK,41
SPE,41
CIA,40
EXPI,40
GER,40
OKE,40
OMP,40
POR,40
WEN,40
AIT,39
HEI,39
HIL,39
MAT,39
EAST,38
NNA,37
NTRA,37
EARN,36
LAC,36
THR,36
WORK,36
MED,35
TRU,34
ACH,33
AYI,33
CAR,33
CASH,33
EMO,33
THS,33
ACC,32
ELS,32
RIO,32
BIT,31
CEN,31
DEA,31
COMM,30
ELF,30
ENO,30
FUND,30
GRA,30
NGS,30
PAC,30
SIG,30
ALK,29
GAM,29
IRS,29
JAN,29
ROP,29
SELF,29
ETH,28
EXPE,28
PING,28
CTS,27
DIS,27
ELP,27
FLO,27
RCI,27
ROCK,27
ADV,26
NOK,26
RADI,26
TELL,26
VALU,26
ARL,25
CENT,25
EARS,25
MPA,25
NICE,25
NUM,25
ACCO,24
CCO,24
ORN,24
RVI,24
WAT,24
ARI,23
GES,23
OMI,23
TURN,23
WAL,23
WING,23
CHI,22
ESTE,22
MET,22
PACK,22
ROK,22
SPR,22
STRO,22
ASO,21
ATH,21
CARE,21
ELSE,21
HAL,21
IDA,21
OPP,21
VIE,21
AIR,20
AMN,20
ARDS,20
BEST,20
COUP,20
MIND,20
SOR,20
STIC,20
SUP,20
TTP,20
URI,20
ERES,19
HON,19
KEN,19
MAS,19
MOD,19
ORI,19
REG,19
RUN,19
SAN,19
UTI,19
COLL,18
COR,18
COST,18
DRI,18
FORM,18
HEAR,18
LWAY,18
NYT,18
OLLI,18
ALE,17
ALT,17
BASI,17
EDD,17
ERF,17
HEC,17
NAT,17
OPI,17
SIC,17
SMAR,17
TUP,17
FORD,16
GNE,16
LAD,16
LITE,16
PAI,16
STOR,16
ALLE,15
EFT,15
GAN,15
IFF,15
MIST,15
NET,15
TECH,15
AGI,14
ANDE,14
ARC,14
ARCH,14
BUR,14
CAT,14
COO,14
HONE,14
LIFE,14
LIVE,14
QUAD,14
SONA,14
STM,14
TME,14
CAP,13
CERT,13
DEN,13
DRE,13
EXC,13
PERI,13
PLAN,13
PPR,13
RYI,13
STAY,13
SWI,13
AGR,12
ALLO,12
ASTE,12
ATO,12
ENTA,12
EXTR,12
FUTU,12
INSI,12
LEAP,12
NCR,12
NEA,12
SCA,12
STRA,12
VEL,12
CHN,11
CLI,11
CORR,11
CRI,11
ESI,11
HUN,11
INN,11
LEG,11
LEN,11
MORN,11
OGE,11
PLT,11
PLTR,11
RIV,11
SUM,11
TREE,11
WEA,11
EMP,10
ERIE,10
GOL,10
HROW,10
MUS,10
NAD,10
NGL,10
NKE,10
NNI,10
NNY,10
PPL,10
PROV,10
RAND,10
REED,10
SHIP,10
TAC,10
TOT,10
WRI,10
XPER,10
ANTE,9
BILL,9
BLU,9
DLY,9
EHI,9
ETR,9
GLAD,9
GURE,9
HNI,9
MASS,9
MFA,9
NATI,9
NSA,9
NSH,9
NUE,9
REV,9
SPCE,9
SPI,9
TOL,9
TRIP,9
TWI,9
UNIT,9
WWW,9
AVO,8
BILI,8
BLUE,8
CIT,8
CREE,8
EBR,8
ELC,8
FAST,8
HOME,8
IGI,8
LMFA,8
MIC,8
NVO,8
ORA,8
PEAK,8
SAL,8
SECO,8
SITE,8
UPS,8
ADES,7
AGS,7
AMP,7
ANIP,7
API,7
ARR,7
AUTO,7
BLI,7
CLA,7
DEO,7
DTE,7
DUC,7
ENJ,7
ESSA,7
ETB,7
GOOG,7
IEC,7
INO,7
KAR,7
KEY,7
LSTR,7
NIE,7
NUS,7
RIVE,7
STEP,7
STON,7
WISH,7
WNS,7
ADS,6
APA,6
ATHE,6
BUD,6
CASI,6
CIF,6
ETW,6
FUSE,6
ICL,6
INFI,6
IRM,6
IVA,6
KIDS,6
LEE,6
MBI,6
MBIN,6
MVIS,6
NIM,6
PACE,6
RNA,6
SAGE,6
SAR,6
SAVE,6
SINO,6
SKY,6
WOW,6
AHH,5
AIG,5
ATTO,5
BEN,5
BOOM,5
CEL,5
CRY,5
CUZ,5
DOOR,5
DVA,5
EGY,5
FFIC,5
FIX,5
GENC,5
GOLD,5
IRR,5
IRT,5
LAND,5
MAC,5
NEM,5
NIU,5
NOM,5
OAS,5
OGI,5
ORC,5
OTIC,5
OVID,5
PLUS,5
PTE,5
RDS.A,5
RKT,5
RLI,5
ROAD,5
SAP,5
SCU,5
SPOT,5
STIM,5
STL,5
SUI,5
TACT,5
TATT,5
TEAM,5
TRIL,5
TTOO,5
USIO,5
WEI,5
XEC,5
ACI,4
ALC,4
ANAT,4
ASA,4
ASC,4
ATA,4
ATEN,4
AVA,4
AWH,4
BBL,4
BEAT,4
BUI,4
CARS,4
CCU,4
CEE,4
CEM,4
CERN,4
CURI,4
DAL,4
ENG,4
ERIC,4
ESTA,4
EYE,4
FAM,4
GOOGL,4
GROW,4
HAIN,4
HIMS,4
HOV,4
JOBS,4
LANC,4
LOB,4
LOGI,4
MIE,4
NARI,4
NEU,4
OMER,4
ONDS,4
ORAN,4
ORGO,4
RRR,4
RSI,4
RUTH,4
SEM,4
SPEL,4
TIG,4
TRIB,4
VERI,4
VIR,4
ALOT,3
ANGI,3
ATHA,3
AZO,3
BAND,3
BLIN,3
BOX,3
BYND,3
CADE,3
CCEP,3
CIM,3
CKH,3
CONN,3
COP,3
DAN,3
DAR,3
EFF,3
ELAT,3
EPR,3
ESEA,3
ESNT,3
FAMI,3
FRA,3
GENE,3
HALL,3
HUM,3
ICON,3
IRL,3
KEP,3
KOR,3
MERC,3
MMU,3
NNN,3
NOV,3
OCA,3
PRIM,3
PROG,3
QUOT,3
RMI,3
ROG,3
SAF,3
SAFE,3
SCL,3
SEAS,3
SIX,3
SSSS,3
SUN,3
TAST,3
TSI,3
UAN,3
UBS,3
UTL,3
UTSI,3
VAR,3
WASH,3
ALEX,2
ALKS,2
AMAT,2
ANDA,2
ANH,2
APH,2
AVY,2
AWF,2
BBI,2
BBY,2
BENE,2
BTA,2
CAPA,2
CARR,2
CATO,2
CENTA,2
CLAR,2
CORE,2
CRIS,2
CRON,2
CTIC,2
CTR,2
CYBE,2
DDS,2
DEX,2
DOC,2
DOCU,2
EBS,2
EFL,2
EGO,2
EIG,2
FIF,2
FIV,2
FIVE,2
GEF,2
GEO,2
GIS,2
GLOB,2
GOLF,2
GRIN,2
GUT,2
HLI,2
HOOK,2
HRI,2
IGA,2
INSE,2
ITIC,2
JOE,2
LEVI,2
LOAN,2
LPL,2
MAIN,2
MANH,2
MCS,2
MEI,2
MHO,2
MIDD,2
MMI,2
MMM,2
MSM,2
MUR,2
NDP,2
NGA,2
NHA,2
NICK,2
NIO,2
NSP,2
OIS,2
OLP,2
OMF,2
ONTO,2
OPINI,2
OSUR,2
PAND,2
PEG,2
PENN,2
POOL,2
PRA,2
PTC,2
RAMP,2
RARE,2
RBA,2
RCUS,2
RDI,2
REPL,2
RFL,2
RGA,2
RICK,2
RIOT,2
RNET,2
SAK,2
SCI,2
SCOR,2
SHOO,2
SLG,2
SLGG,2
SND,2
SNDL,2
SNE,2
SOLO,2
SPRO,2
SRE,2
STC,2
TAP,2
TARS,2
TGA,2
TLRY,2
TOWN,2
TYL,2
UIS,2
UWMC,2
VAC,2
VALE,2
VIRT,2
WMC,2
WRE,2
YUM,2
ABB,1
ABR,1
ACA,1
ACB,1
ACIA,1
ACRE,1
ADIL,1
AEL,1
AFL,1
AHT,1
AIV,1
AKER,1
ALAC,1
ALB,1
ALTR,1
AMAL,1
AMED,1
AMST,1
AMZN,1
ANET,1
ANGO,1
APLE,1
APO,1
APPS,1
ARKO,1
ARW,1
ASB,1
ATOS,1
ATR,1
ATUS,1
AWK,1
AWR,1
AZZ,1
BAH,1
BAM,1
BBBY,1
BLX,1
BMI,1
BOOT,1
BST,1
BTAI,1
BTI,1
BUSE,1
CAKE,1
CALA,1
CALM,1
CAP.U,1
CCC,1
CCS,1
CEA,1
CERC,1
CERS,1
CGC,1
CHY,1
CIO,1
CIR,1
CMP,1
CMPS,1
COF,1
COOP,1
CRUS,1
CTB,1
DBL,1
DECK,1
DENN,1
DESP,1
DISH,1
DSE,1
ECL,1
EDF,1
EDN,1
EDU,1
EFR,1
EGAN,1
EHT,1
ENIC,1
ENV,1
ENZ,1
EOS,1
EOT,1
ESCA,1
ETSY,1
EVA,1
EVN,1
FAT,1
FENC,1
FINV,1
FIS,1
FLEX,1
FOUR,1
FREQ,1
FUNC,1
GASS,1
GGAL,1
GJO,1
GLADL,1
GNUS,1
GOODM,1
HAE,1
HASI,1
HEES,1
HIE,1
HOLI,1
HTA,1
HTY,1
IAC,1
IAG,1
IKT,1
IMBI,1
INDB,1
INSP,1
INVO,1
ISD,1
ISTR,1
IVAC,1
JILL,1
KINS,1
KOS,1
LARK,1
LAZ,1
LAZY,1
LDL,1
LEO,1
LFT,1
LOPE,1
LUB,1
LUNG,1
MAA,1
MANU,1
MARA,1
MAV,1
MCR,1
MELI,1
MGM,1
MIK,1
MTH,1
NAC,1
NCA,1
NDRA,1
NFE,1
NINE,1
NIQ,1
NKLA,1
NOC,1
NOVA,1
NPO,1
NSC,1
NSEC,1
NSL,1
NTST,1
NVDA,1
OGS,1
ONB,1
OPY,1
ORIC,1
PAG,1
PAM,1
PATI,1
PAYS,1
PBA,1
PHD,1
PHI,1
PHR,1
PINC,1
PME,1
POLA,1
PTA,1
PTR,1
PTY,1
PUMP,1
RAIL,1
RBC,1
RCL,1
RICE.U,1
RILY,1
RMT,1
RPD,1
SALT,1
SAVA,1
SBR,1
SDC,1
SEEL,1
SFE,1
SGU,1
SHEN,1
SIFY,1
SKT,1
SNA,1
SPB,1
SPH,1
SPOK,1
SPY,1
SREA,1
SSL,1
SSP,1
STSA,1
TAP.A,1
TCF,1
TEF,1
TEX,1
THBR,1
THW,1
TILE,1
TLK,1
TOUR,1
TRIN,1
TSE,1
TTC,1
TTCF,1
TWIN,1
TY.PR,1
UBA,1
UCL,1
UPST,1
USB,1
UVE,1
VEC,1
VIV,1
VIVE,1
VVOS,1
WES,1
WIW,1
WOOF,1
XIN,1
